row_index,method_id,model,pipeline,prompt_id,prompt_version,prediction,input_tokens,output_tokens,reasoning_tokens,total_tokens,latency_s,error_km,is_mock,is_locatable
1,H-1,human-gis,static,static,1,"37.1118778, -76.895924",0,0,0,0,0,48.0935671,0,1
1,M-1,o4-mini-2025-04-16,one_shot,one_shot_dms_v1,v1,"36¬∞58'58.08000""N 076¬∞49'10.36000""W",150,3609,3584,3759,98.25842309,50.95927356,0,1
1,M-2,o3-2025-04-16,one_shot,one_shot_dms_v1,v1,"36¬∞51'21.96000""N 077¬∞24'08.28000""W",150,2585,2560,2735,55.37818122,8.754868348,0,1
1,M-3,o3-mini-2025-01-31,one_shot,one_shot_dms_v1,v1,"37¬∞04'00.00000""N 076¬∞55'30.00000""W",150,3284,3264,3434,25.13383293,43.82841011,0,1
1,M-4,gpt-4.1-2025-04-14,one_shot,one_shot_dms_v1,v1,"36¬∞56'44.0000""N 77¬∞06'15.0000""W",151,20,0,171,0.6809101105,25.4201403,0,1
1,M-5,chatgpt-4o-latest,one_shot,one_shot_dms_v1,v1,"36¬∞52'16.0000""N 77¬∞06'12.0000""W",151,20,0,171,0.5026488304,26.42352808,0,1
1,M-6,gpt-3.5-turbo,one_shot,one_shot_dms_v1,v1,"36¬∞59'22.5""N 77¬∞32'09.1""W",153,18,0,171,0.9528777599,14.36140109,0,1
1,T-1,o4-mini-2025-04-16,tool_chain,tool_chain_v0,v5,"36.947928, -77.400811",3480,608,0,4088,18.68159413,1.811355553,0,1
1,T-4,gpt-4.1-2025-04-14,tool_chain,tool_chain_v0,v5,"36.947928, -77.400811",903,12,0,915,2.213179111,1.811355553,0,1
2,H-1,human-gis,static,static,1,"37.4974701, -76.9990453",0,0,0,0,0,36.81600921,0,1
2,M-1,o4-mini-2025-04-16,one_shot,one_shot_dms_v1,v1,"37¬∞31'48.12345""N 077¬∞18'02.54321""W",162,2201,2176,2363,59.65307784,18.44535409,0,1
2,M-2,o3-2025-04-16,one_shot,one_shot_dms_v1,v1,"37¬∞40'43.32000""N 77¬∞36'41.40000""W",162,3353,3328,3515,122.6248722,24.32330754,0,1
2,M-3,o3-mini-2025-01-31,one_shot,one_shot_dms_v1,v1,"37¬∞24'30.12345""N 076¬∞55'15.67890""W",162,2068,2048,2230,34.91571879,48.39785355,0,1
2,M-4,gpt-4.1-2025-04-14,one_shot,one_shot_dms_v1,v1,"37¬∞37'51.0000""N 77¬∞05'30.0000""W",163,20,0,183,0.7366690636,22.58806466,0,1
2,M-5,chatgpt-4o-latest,one_shot,one_shot_dms_v1,v1,"37¬∞38'10.0000""N 77¬∞02'15.0000""W",163,20,0,183,0.4816110134,27.01716696,0,1
2,M-6,gpt-3.5-turbo,one_shot,one_shot_dms_v1,v1,"37¬∞39'24.0""N 76¬∞59'24.0""W",164,18,0,182,0.6639442444,30.70296491,0,1
2,T-1,o4-mini-2025-04-16,tool_chain,tool_chain_v0,v5,"37.501986, -77.040608",4258,263,0,4521,9.461933136,33.61394315,0,1
2,T-4,gpt-4.1-2025-04-14,tool_chain,tool_chain_v0,v5,"37.465376, -76.964306",1908,40,0,1948,3.807185888,41.4149874,0,1
3,H-1,human-gis,static,static,1,"37.1232245, -78.4927721",0,0,0,0,0,139.5883791,0,1
3,M-1,o4-mini-2025-04-16,one_shot,one_shot_dms_v1,v1,"36¬∞43'48.72000""N 077¬∞57'05.04000""W",138,2521,2496,2659,51.33144593,84.48348173,0,1
3,M-2,o3-2025-04-16,one_shot,one_shot_dms_v1,v1,"36¬∞59'16.80000""N 77¬∞05'49.20000""W",138,4505,4480,4643,80.48861194,30.38122535,0,1
3,M-3,o3-mini-2025-01-31,one_shot,one_shot_dms_v1,v1,"37¬∞18'00.00000""N 076¬∞42'30.00000""W",138,2516,2496,2654,25.88445997,69.07487423,0,1
3,M-4,gpt-4.1-2025-04-14,one_shot,one_shot_dms_v1,v1,"36¬∞56'12.0000""N 77¬∞10'30.0000""W",139,20,0,159,0.8431079388,28.03335664,0,1
3,M-5,chatgpt-4o-latest,one_shot,one_shot_dms_v1,v1,"36¬∞59'12.0000""N 77¬∞06'45.0000""W",139,20,0,159,0.5252110958,30.64694821,0,1
3,M-6,gpt-3.5-turbo,one_shot,one_shot_dms_v1,v1,"36¬∞44'12.0""N 77¬∞49'48.0""W",138,18,0,156,0.7014279366,73.67035108,0,1
3,T-1,o4-mini-2025-04-16,tool_chain,tool_chain_v0,v5,"37.006972, -77.196013",14126,766,0,14892,33.98189616,35.70597088,0,1
3,T-4,gpt-4.1-2025-04-14,tool_chain,tool_chain_v0,v5,"37.166166, -77.240224",6006,161,0,6167,8.414433002,53.35425961,0,1
4,H-1,human-gis,static,static,1,"37.1232245, -78.4927721",0,0,0,0,0,120.0735728,0,1
4,M-1,o4-mini-2025-04-16,one_shot,one_shot_dms_v1,v1,"38¬∞30'31.30000""N 078¬∞02'43.99000""W",157,5337,5312,5494,98.40370297,42.38470503,0,1
4,M-2,o3-2025-04-16,one_shot,one_shot_dms_v1,v1,"38¬∞17'33.39816""N 078¬∞27'32.00040""W",157,3097,3072,3254,73.32277012,16.27661484,0,1
4,M-3,o3-mini-2025-01-31,one_shot,one_shot_dms_v1,v1,"38¬∞15'00.00000""N 077¬∞27'00.00000""W",157,3988,3968,4145,34.39184308,76.30638916,0,1
4,M-4,gpt-4.1-2025-04-14,one_shot,one_shot_dms_v1,v1,"38¬∞16'44.0000""N 77¬∞44'12.0000""W",158,20,0,178,0.936205864,51.86093073,0,1
4,M-5,chatgpt-4o-latest,one_shot,one_shot_dms_v1,v1,"38¬∞17'12.0000""N 78¬∞03'36.0000""W",158,20,0,178,1.418518066,24.96630602,0,1
4,M-6,gpt-3.5-turbo,one_shot,one_shot_dms_v1,v1,"38¬∞20'12.0""N 77¬∞50'24.0""W",158,18,0,176,0.7319998741,44.84327283,0,1
4,T-1,o4-mini-2025-04-16,tool_chain,tool_chain_v0,v5,"38.204165, -77.607787",1891,238,0,2129,6.236513138,62.30127558,0,1
4,T-4,gpt-4.1-2025-04-14,tool_chain,tool_chain_v0,v5,"38.204165, -77.607787",1687,39,0,1726,1.983919859,62.30127558,0,1
5,H-1,human-gis,static,static,1,"37.744783, -77.4464165",0,0,0,0,0,12.96984232,0,1
5,M-1,o4-mini-2025-04-16,one_shot,one_shot_dms_v1,v1,"37¬∞49'39.51912""N 77¬∞24'20.12076""W",153,1241,1216,1394,22.74821186,16.99762134,0,1
5,M-2,o3-2025-04-16,one_shot,one_shot_dms_v1,v1,"37¬∞57'18.51804""N 077¬∞48'25.96068""W",153,4505,4480,4658,69.48665404,27.59710289,0,1
5,M-3,o3-mini-2025-01-31,one_shot,one_shot_dms_v1,v1,"37¬∞20'11.00000""N 077¬∞25'45.00000""W",153,2260,2240,2413,14.20997,50.97084817,0,1
5,M-4,gpt-4.1-2025-04-14,one_shot,one_shot_dms_v1,v1,"37¬∞44'16.0000""N 77¬∞27'36.0000""W",154,20,0,174,1.150748968,12.08717931,0,1
5,M-5,chatgpt-4o-latest,one_shot,one_shot_dms_v1,v1,"37¬∞45'32.0000""N 77¬∞26'15.0000""W",154,20,0,174,0.4272780418,13.39844189,0,1
5,M-6,gpt-3.5-turbo,one_shot,one_shot_dms_v1,v1,"37¬∞46'12.0""N 77¬∞31'48.0""W",163,18,0,181,0.654253006,5.174056035,0,1
5,T-1,o4-mini-2025-04-16,tool_chain,tool_chain_v0,v5,"37.758454, -77.582007",2969,273,0,3242,9.85598588,2.143959794,0,1
5,T-4,gpt-4.1-2025-04-14,tool_chain,tool_chain_v0,v5,"37.758454, -77.582007",1674,35,0,1709,1.886218071,2.143959794,0,1
6,H-1,human-gis,static,static,1,"37.1232245, -78.4927721",0,0,0,0,0,114.8400087,0,1
6,M-1,o4-mini-2025-04-16,one_shot,one_shot_dms_v1,v1,"36¬∞51'38.73600""N 076¬∞35'47.54400""W",123,2777,2752,2900,61.56708193,71.40624426,0,1
6,M-2,o3-2025-04-16,one_shot,one_shot_dms_v1,v1,"36¬∞44'32.28000""N 76¬∞44'56.40000""W",123,3097,3072,3220,34.58950329,54.74497625,0,1
6,M-3,o3-mini-2025-01-31,one_shot,one_shot_dms_v1,v1,"36¬∞55'12.34567""N 076¬∞42'15.67890""W",123,2964,2944,3087,19.00273776,65.29080226,0,1
6,M-4,gpt-4.1-2025-04-14,one_shot,one_shot_dms_v1,v1,"36¬∞44'16.0000""N 76¬∞52'12.0000""W",124,20,0,144,0.9639270306,44.11354463,0,1
6,M-5,chatgpt-4o-latest,one_shot,one_shot_dms_v1,v1,"36¬∞43'12.0000""N 76¬∞52'30.0000""W",124,20,0,144,0.9211368561,43.24732518,0,1
6,M-6,gpt-3.5-turbo,one_shot,one_shot_dms_v1,v1,"36¬∞59'12.0""N 76¬∞41'24.0""W",123,18,0,141,0.6181178093,70.14876049,0,1
6,T-1,o4-mini-2025-04-16,tool_chain,tool_chain_v0,v5,"36.928892, -76.687470",9313,677,0,9990,30.9298141,67.07557481,0,1
6,T-4,gpt-4.1-2025-04-14,tool_chain,tool_chain_v0,v5,"36.928892, -76.687470",1622,39,0,1661,1.937051058,67.07557481,0,1
7,H-1,human-gis,static,static,1,"37.1232245, -78.4927721",0,0,0,0,0,117.5069499,0,1
7,M-1,o4-mini-2025-04-16,one_shot,one_shot_dms_v1,v1,"37¬∞49'30.12345""N 077¬∞37'45.67890""W",155,5465,5440,5620,99.57149315,68.05225738,0,1
7,M-2,o3-2025-04-16,one_shot,one_shot_dms_v1,v1,"38¬∞12'10.66680""N 078¬∞17'12.34900""W",155,3673,3648,3828,50.16855979,4.274026728,0,1
7,M-3,o3-mini-2025-01-31,one_shot,one_shot_dms_v1,v1,"38¬∞07'42.50000""N 077¬∞31'15.00000""W",155,3476,3456,3631,28.70081186,66.03369411,0,1
7,M-4,gpt-4.1-2025-04-14,one_shot,one_shot_dms_v1,v1,"38¬∞07'36.0000""N 77¬∞44'24.0000""W",156,20,0,176,0.8582930565,46.94039277,0,1
7,M-5,chatgpt-4o-latest,one_shot,one_shot_dms_v1,v1,"38¬∞05'12.00000""N 77¬∞44'30.00000""W",156,20,0,176,0.726201057,47.4282423,0,1
7,M-6,gpt-3.5-turbo,one_shot,one_shot_dms_v1,v1,"38¬∞03'32.4""N 77¬∞49'13.2""W",159,18,0,177,0.9179599285,41.46763711,0,1
7,T-1,o4-mini-2025-04-16,tool_chain,tool_chain_v0,v5,"37.907336, -77.561828",2104,563,0,2667,14.15897584,68.71006949,0,1
7,T-4,gpt-4.1-2025-04-14,tool_chain,tool_chain_v0,v5,"38.055753, -77.584761",8899,207,0,9106,11.16496301,61.57050559,0,1
8,H-1,human-gis,static,static,1,"37.1232245, -78.4927721",0,0,0,0,0,78.74118672,0,1
8,M-1,o4-mini-2025-04-16,one_shot,one_shot_dms_v1,v1,"37¬∞11'38.76000""N 077¬∞19'48.36000""W",127,2905,2880,3032,46.9335413,25.64017773,0,1
8,M-2,o3-2025-04-16,one_shot,one_shot_dms_v1,v1,"37¬∞03'00.51480""N 77¬∞16'12.92520""W",127,5209,5184,5336,101.6163411,36.82329031,0,1
8,M-3,o3-mini-2025-01-31,one_shot,one_shot_dms_v1,v1,"37¬∞10'00.00000""N 077¬∞20'00.00000""W",127,2708,2688,2835,25.49743676,26.08075832,0,1
8,M-4,gpt-4.1-2025-04-14,one_shot,one_shot_dms_v1,v1,"37¬∞13'16.0000""N 77¬∞30'44.0000""W",128,20,0,148,0.9216251373,9.234784623,0,1
8,M-5,chatgpt-4o-latest,one_shot,one_shot_dms_v1,v1,"37¬∞12'45.0000""N 77¬∞31'30.0000""W",128,20,0,148,0.530531168,8.354451384,0,1
8,M-6,gpt-3.5-turbo,one_shot,one_shot_dms_v1,v1,"38¬∞42'12.0""N 77¬∞15'36.0""W",128,18,0,146,0.698004961,166.2308832,0,1
8,T-1,o4-mini-2025-04-16,tool_chain,tool_chain_v0,v5,"37.159305, -77.240515",12532,950,0,13482,33.61231208,34.22397941,0,1
8,T-4,gpt-4.1-2025-04-14,tool_chain,tool_chain_v0,v5,"37.159305, -77.240515",1633,42,0,1675,2.4129951,34.22397941,0,1
9,H-1,human-gis,static,static,1,"37.1232245, -78.4927721",0,0,0,0,0,121.4255771,0,1
9,M-1,o4-mini-2025-04-16,one_shot,one_shot_dms_v1,v1,"37¬∞59'22.00000""N 077¬∞32'14.00000""W",161,2201,2176,2362,39.36609387,15.53049085,0,1
9,M-2,o3-2025-04-16,one_shot,one_shot_dms_v1,v1,"38¬∞01'21.72000""N 077¬∞32'48.48000""W",161,2649,2624,2810,41.7257309,14.26836259,0,1
9,M-3,o3-mini-2025-01-31,one_shot,one_shot_dms_v1,v1,"38¬∞14'30.00000""N 077¬∞36'30.00000""W",161,4372,4352,4533,38.98280501,26.0147347,0,1
9,M-4,gpt-4.1-2025-04-14,one_shot,one_shot_dms_v1,v1,"38¬∞07'54.0000""N 77¬∞44'10.0000""W",162,20,0,182,1.444062948,12.44331747,0,1
9,M-5,chatgpt-4o-latest,one_shot,one_shot_dms_v1,v1,"38¬∞05'12.00000""N 77¬∞43'48.00000""W",162,20,0,182,1.069000959,7.438475449,0,1
9,M-6,gpt-3.5-turbo,one_shot,one_shot_dms_v1,v1,"38¬∞13'42.0""N 77¬∞45'18.0""W",166,18,0,184,2.358899117,23.31470073,0,1
9,T-1,o4-mini-2025-04-16,tool_chain,tool_chain_v0,v5,"37.907336, -77.561828",1896,178,0,2074,7.369223118,18.15914794,0,1
9,T-4,gpt-4.1-2025-04-14,tool_chain,tool_chain_v0,v5,"37.907336, -77.561828",1711,45,0,1756,2.241859674,18.15914794,0,1
10,H-1,human-gis,static,static,1,"37.1232245, -78.4927721",0,0,0,0,0,70.6985293,0,0
10,M-1,o4-mini-2025-04-16,one_shot,one_shot_dms_v1,v1,"37¬∞49'38.56512""N 077¬∞00'20.73924""W",137,2649,2624,2786,55.20451617,212.904061,0,0
10,M-2,o3-2025-04-16,one_shot,one_shot_dms_v1,v1,"37¬∞33'36.00000""N 076¬∞51'36.00000""W",137,6425,6400,6562,136.4325192,218.0457894,0,0
10,M-3,o3-mini-2025-01-31,one_shot,one_shot_dms_v1,v1,"37¬∞42'30.00000""N 077¬∞02'15.00000""W",137,2324,2304,2461,15.803581,206.3818958,0,0
10,M-4,gpt-4.1-2025-04-14,one_shot,one_shot_dms_v1,v1,"37¬∞41'13.0000""N 77¬∞00'43.0000""W",138,20,0,158,1.647475958,207.9434891,0,0
10,M-5,chatgpt-4o-latest,one_shot,one_shot_dms_v1,v1,"37¬∞42'12.0000""N 77¬∞00'36.0000""W",138,20,0,158,0.4597780704,208.5721748,0,0
10,M-6,gpt-3.5-turbo,one_shot,one_shot_dms_v1,v1,"37¬∞41'12.9""N 77¬∞4'39.6""W",138,18,0,156,0.4312911034,202.3490692,0,0
10,T-1,o4-mini-2025-04-16,tool_chain,tool_chain_v0,v5,"37.737212, -77.148516",4175,316,0,4491,12.21771073,197.8959849,0,0
10,T-4,gpt-4.1-2025-04-14,tool_chain,tool_chain_v0,v5,"37.737212, -77.148516",6101,143,0,6244,38.67054319,197.8959849,0,0
11,H-1,human-gis,static,static,1,"37.5131191, -77.3465081",0,0,0,0,0,36.92957721,0,1
11,M-1,o4-mini-2025-04-16,one_shot,one_shot_dms_v1,v1,"37¬∞14'00.22560""N 077¬∞21'01.04760""W",143,2649,2624,2792,47.040066,28.56637106,0,1
11,M-2,o3-2025-04-16,one_shot,one_shot_dms_v1,v1,"37¬∞16'01.20000""N 077¬∞34'30.00000""W",143,5977,5952,6120,82.33170414,8.462780315,0,1
11,M-3,o3-mini-2025-01-31,one_shot,one_shot_dms_v1,v1,"37¬∞32'40.00000""N 077¬∞27'20.00000""W",143,2580,2560,2723,24.88306475,33.12866818,0,1
11,M-4,gpt-4.1-2025-04-14,one_shot,one_shot_dms_v1,v1,"37¬∞18'56.0000""N 77¬∞27'13.0000""W",144,20,0,164,0.6717438698,18.66490634,0,1
11,M-5,chatgpt-4o-latest,one_shot,one_shot_dms_v1,v1,"37¬∞17'12.0000""N 77¬∞28'30.0000""W",144,20,0,164,0.7111618519,16.6884304,0,1
11,M-6,gpt-3.5-turbo,one_shot,one_shot_dms_v1,v1,"37¬∞18'29.7""N 77¬∞24'44.1""W",144,18,0,162,0.7068419456,22.24097783,0,1
11,T-1,o4-mini-2025-04-16,tool_chain,tool_chain_v0,v5,"37.505933, -77.332443",5002,642,0,5644,18.12512279,37.3771844,0,1
11,T-4,gpt-4.1-2025-04-14,tool_chain,tool_chain_v0,v5,"37.505933, -77.332443",1655,37,0,1692,2.20949626,37.3771844,0,1
12,H-1,human-gis,static,static,1,"37.1232245, -78.4927721",0,0,0,0,0,119.211574,0,1
12,M-1,o4-mini-2025-04-16,one_shot,one_shot_dms_v1,v1,"38¬∞11'42.65432""N 077¬∞32'17.43827""W",165,3417,3392,3582,66.35624504,63.51537697,0,1
12,M-2,o3-2025-04-16,one_shot,one_shot_dms_v1,v1,"38¬∞32'24.00000""N 78¬∞19'48.00000""W",165,4185,4160,4350,60.75462222,40.43367188,0,1
12,M-3,o3-mini-2025-01-31,one_shot,one_shot_dms_v1,v1,"38¬∞01'20.00000""N 077¬∞44'30.00000""W",165,3796,3776,3961,28.94949293,49.01027942,0,1
12,M-4,gpt-4.1-2025-04-14,one_shot,one_shot_dms_v1,v1,"38¬∞17'16.0000""N 78¬∞10'12.0000""W",166,20,0,186,0.707627058,14.55958588,0,1
12,M-5,chatgpt-4o-latest,one_shot,one_shot_dms_v1,v1,"38¬∞17'12.0000""N 78¬∞03'36.0000""W",166,20,0,186,1.135495186,21.45260292,0,1
12,M-6,gpt-3.5-turbo,one_shot,one_shot_dms_v1,v1,"38¬∞19'47.1""N 77¬∞54'12.6""W",167,18,0,185,0.7900960445,35.66162299,0,1
12,T-1,o4-mini-2025-04-16,tool_chain,tool_chain_v0,v5,"38.225836, -77.624578",4798,394,0,5192,8.310170174,56.16170059,0,1
12,T-4,gpt-4.1-2025-04-14,tool_chain,tool_chain_v0,v5,"38.225836, -77.624578",9040,210,0,9250,13.84053707,56.16170059,0,1
13,H-1,human-gis,static,static,1,"37.1232245, -78.4927721",0,0,0,0,0,117.504446,0,1
13,M-1,o4-mini-2025-04-16,one_shot,one_shot_dms_v1,v1,"37¬∞49'30.00000""N 077¬∞32'30.00000""W",125,1689,1664,1814,11.99240494,26.31475684,0,1
13,M-2,o3-2025-04-16,one_shot,one_shot_dms_v1,v1,"37¬∞41'28.00000""N 077¬∞35'20.00000""W",125,2265,2240,2390,27.16147423,36.84560379,0,1
13,M-3,o3-mini-2025-01-31,one_shot,one_shot_dms_v1,v1,"37¬∞21'15.12345""N 77¬∞25'45.67890""W",125,3156,3136,3281,25.34423709,76.8583773,0,1
13,M-4,gpt-4.1-2025-04-14,one_shot,one_shot_dms_v1,v1,"37¬∞44'10.0000""N 77¬∞27'30.0000""W",126,20,0,146,0.721785307,38.56668376,0,1
13,M-5,chatgpt-4o-latest,one_shot,one_shot_dms_v1,v1,"37¬∞45'12.0000""N 77¬∞30'36.0000""W",126,20,0,146,0.6139566898,34.21944571,0,1
13,M-6,gpt-3.5-turbo,one_shot,one_shot_dms_v1,v1,"37¬∞45'12.00000""N 77¬∞29'24.00000""W",128,20,0,148,0.528907061,35.30847546,0,1
13,T-1,o4-mini-2025-04-16,tool_chain,tool_chain_v0,v5,"37.777207, -77.516079",2943,277,0,3220,8.69132185,31.80220881,0,1
13,T-4,gpt-4.1-2025-04-14,tool_chain,tool_chain_v0,v5,"37.777207, -77.516079",1617,36,0,1653,1.837865114,31.80220881,0,1
14,H-1,human-gis,static,static,1,"37.5131191, -77.3465081",0,0,0,0,0,44.71717757,0,1
14,M-1,o4-mini-2025-04-16,one_shot,one_shot_dms_v1,v1,"37¬∞30'48.50000""N 077¬∞53'15.00000""W",154,2201,2176,2355,20.38169789,12.95353112,0,1
14,M-2,o3-2025-04-16,one_shot,one_shot_dms_v1,v1,"37¬∞37'13.04040""N 77¬∞48'15.48000""W",154,2201,2176,2355,31.535918,2.698240487,0,1
14,M-3,o3-mini-2025-01-31,one_shot,one_shot_dms_v1,v1,"37¬∞31'30.00000""N 077¬∞27'00.00000""W",154,2388,2368,2542,27.64819527,35.59723573,0,1
14,M-4,gpt-4.1-2025-04-14,one_shot,one_shot_dms_v1,v1,"37¬∞36'37.0000""N 77¬∞51'14.0000""W",155,20,0,175,0.6262938976,2.140620536,0,1
14,M-5,chatgpt-4o-latest,one_shot,one_shot_dms_v1,v1,"37¬∞34'12.0000""N 77¬∞48'36.0000""W",155,20,0,175,0.4926588535,6.206406803,0,1
14,M-6,gpt-3.5-turbo,one_shot,one_shot_dms_v1,v1,"37¬∞24'12.0""N 77¬∞22'48.0""W",157,18,0,175,0.8031749725,46.92394938,0,1
14,T-1,o4-mini-2025-04-16,tool_chain,tool_chain_v0,v5,"37.505933, -77.332443",3027,280,0,3307,6.981099844,46.13120441,0,1
14,T-4,gpt-4.1-2025-04-14,tool_chain,tool_chain_v0,v5,"37.505933, -77.332443",1673,35,0,1708,1.984452963,46.13120441,0,1
15,H-1,human-gis,static,static,1,"37.5131191, -77.3465081",0,0,0,0,0,30.63393703,0,1
15,M-1,o4-mini-2025-04-16,one_shot,one_shot_dms_v1,v1,"37¬∞24'21.56000""N 077¬∞25'17.03640""W",143,3097,3072,3240,26.69959307,24.46544029,0,1
15,M-2,o3-2025-04-16,one_shot,one_shot_dms_v1,v1,"37¬∞27'36.00000""N 77¬∞38'24.00000""W",143,4697,4672,4840,70.22659206,4.303717576,0,1
15,M-3,o3-mini-2025-01-31,one_shot,one_shot_dms_v1,v1,"37¬∞32'15.12345""N 077¬∞31'42.98765""W",143,2708,2688,2851,22.8919692,16.24116418,0,1
15,M-4,gpt-4.1-2025-04-14,one_shot,one_shot_dms_v1,v1,"37¬∞22'36.0000""N 77¬∞31'48.0000""W",144,20,0,164,1.335229874,17.08563354,0,1
15,M-5,chatgpt-4o-latest,one_shot,one_shot_dms_v1,v1,"37¬∞21'12.0000""N 77¬∞36'00.0000""W",144,20,0,164,0.6545350552,14.65983904,0,1
15,M-6,gpt-3.5-turbo,one_shot,one_shot_dms_v1,v1,"37¬∞24'15.6""N 77¬∞22'30.0""W",144,18,0,162,0.746182919,28.47687015,0,1
15,T-1,o4-mini-2025-04-16,tool_chain,tool_chain_v0,v5,"37.463138, -77.398207",11214,659,0,11873,22.468606,25.60974647,0,1
15,T-4,gpt-4.1-2025-04-14,tool_chain,tool_chain_v0,v5,"37.400688, -77.560140",7411,187,0,7598,11.31273508,13.38716101,0,1
16,H-1,human-gis,static,static,1,"37.5131191, -77.3465081",0,0,0,0,0,5.9769941,0,1
16,M-1,o4-mini-2025-04-16,one_shot,one_shot_dms_v1,v1,"37¬∞24'13.56789""N 077¬∞19'42.98765""W",195,1689,1664,1884,16.17659807,17.7019801,0,1
16,M-2,o3-2025-04-16,one_shot,one_shot_dms_v1,v1,"37¬∞31'21.07200""N 077¬∞23'38.00400""W",195,3993,3968,4188,43.04702592,3.762542468,0,1
16,M-3,o3-mini-2025-01-31,one_shot,one_shot_dms_v1,v1,"37¬∞33'00.00000""N 077¬∞27'30.00000""W",195,2772,2752,2967,29.74424601,6.285119673,0,1
16,M-4,gpt-4.1-2025-04-14,one_shot,one_shot_dms_v1,v1,"37¬∞28'16.0000""N 77¬∞21'12.0000""W",196,20,0,216,0.9157938957,9.903455512,0,1
16,M-5,chatgpt-4o-latest,one_shot,one_shot_dms_v1,v1,"37¬∞25'12.0000""N 77¬∞22'30.0000""W",196,20,0,216,1.121748924,15.15870861,0,1
16,M-6,gpt-3.5-turbo,one_shot,one_shot_dms_v1,v1,"37¬∞24'17.5""N 77¬∞24'29.3""W",197,18,0,215,0.8302130699,16.9013472,0,1
16,T-1,o4-mini-2025-04-16,tool_chain,tool_chain_v0,v5,"37.505933, -77.332443",1959,243,0,2202,7.634028912,7.380305278,0,1
16,T-4,gpt-4.1-2025-04-14,tool_chain,tool_chain_v0,v5,"37.505933, -77.332443",1759,37,0,1796,2.186422825,7.380305278,0,1
17,H-1,human-gis,static,static,1,"37.1232245, -78.4927721",0,0,0,0,0,136.7597719,0,1
17,M-1,o4-mini-2025-04-16,one_shot,one_shot_dms_v1,v1,"37¬∞48'46.80000""N 077¬∞01'08.40000""W",130,2393,2368,2523,27.22362185,26.77172009,0,1
17,M-2,o3-2025-04-16,one_shot,one_shot_dms_v1,v1,"37¬∞54'54.00000""N 77¬∞09'28.80000""W",130,4249,4224,4379,52.17489195,12.39929512,0,1
17,M-3,o3-mini-2025-01-31,one_shot,one_shot_dms_v1,v1,"37¬∞29'45.00000""N 076¬∞56'30.00000""W",130,4116,4096,4246,42.71645904,55.6030458,0,1
17,M-4,gpt-4.1-2025-04-14,one_shot,one_shot_dms_v1,v1,"37¬∞41'32.0000""N 77¬∞00'12.0000""W",131,20,0,151,0.8921918869,35.38619735,0,1
17,M-5,chatgpt-4o-latest,one_shot,one_shot_dms_v1,v1,"37¬∞41'10.0000""N 77¬∞00'45.0000""W",131,20,0,151,1.003971815,35.27231227,0,1
17,M-6,gpt-3.5-turbo,one_shot,one_shot_dms_v1,v1,"37¬∞41'24.0""N 77¬∞06'36.0""W",131,18,0,149,0.6145327091,29.40940819,0,1
17,T-1,o4-mini-2025-04-16,tool_chain,tool_chain_v0,v5,"37.737212, -77.148516",5314,897,0,6211,16.79344416,23.16409674,0,1
17,T-4,gpt-4.1-2025-04-14,tool_chain,tool_chain_v0,v5,"37.737212, -77.148516",2621,74,0,2695,4.634059906,23.16409674,0,1
18,H-1,human-gis,static,static,1,"37.1118778, -76.895924",0,0,0,0,0,25.769616,0,1
18,M-1,o4-mini-2025-04-16,one_shot,one_shot_dms_v1,v1,"37¬∞03'31.87234""N 076¬∞53'39.46572""W",139,1945,1920,2084,17.90698695,24.57936527,0,1
18,M-2,o3-2025-04-16,one_shot,one_shot_dms_v1,v1,"37¬∞02'45.00000""N 77¬∞12'30.00000""W",139,4505,4480,4644,46.06866598,3.691119082,0,1
18,M-3,o3-mini-2025-01-31,one_shot,one_shot_dms_v1,v1,"37¬∞10'30.00000""N 076¬∞55'00.00000""W",139,3668,3648,3807,32.87146616,27.35997689,0,1
18,M-4,gpt-4.1-2025-04-14,one_shot,one_shot_dms_v1,v1,"36¬∞52'16.0000""N 77¬∞07'12.0000""W",140,20,0,160,0.8568620682,18.63654993,0,1
18,M-5,chatgpt-4o-latest,one_shot,one_shot_dms_v1,v1,"36¬∞52'12.0000""N 77¬∞07'30.0000""W",140,20,0,160,0.6709859371,18.65747462,0,1
18,M-6,gpt-3.5-turbo,one_shot,one_shot_dms_v1,v1,"36¬∞41'22.0""N 76¬∞54'11.4""W",140,18,0,158,0.6149420738,45.04534906,0,1
18,T-1,o4-mini-2025-04-16,tool_chain,tool_chain_v0,v5,"37.095621, -76.910017",11456,719,0,12175,20.58292079,24.02106494,0,1
18,T-4,gpt-4.1-2025-04-14,tool_chain,tool_chain_v0,v5,"37.095621, -76.910017",4025,112,0,4137,6.162319183,24.02106494,0,1
19,H-1,human-gis,static,static,1,"36.8953677, -76.7248143",0,0,0,0,0,39.89841905,0,1
19,M-1,o4-mini-2025-04-16,one_shot,one_shot_dms_v1,v1,"36¬∞43'58.44000""N 077¬∞02'42.00000""W",127,3417,3392,3544,28.53053403,7.589875083,0,1
19,M-2,o3-2025-04-16,one_shot,one_shot_dms_v1,v1,"36¬∞42'00.00000""N 077¬∞05'30.00000""W",127,4121,4096,4248,43.33622289,3.990002126,0,1
19,M-3,o3-mini-2025-01-31,one_shot,one_shot_dms_v1,v1,"36¬∞50'00.00000""N 076¬∞35'00.00000""W",127,4692,4672,4819,48.10984612,47.21039632,0,1
19,M-4,gpt-4.1-2025-04-14,one_shot,one_shot_dms_v1,v1,"36¬∞40'31.0000""N 77¬∞00'18.0000""W",128,20,0,148,4.108337879,5.977061458,0,1
19,M-5,chatgpt-4o-latest,one_shot,one_shot_dms_v1,v1,"36¬∞40'31.00000""N 77¬∞06'15.00000""W",128,20,0,148,0.4372186661,3.03190665,0,1
19,M-6,gpt-3.5-turbo,one_shot,one_shot_dms_v1,v1,"36¬∞47'12.0""N 76¬∞43'48.0""W",128,18,0,146,0.62561512,33.16393864,0,1
19,T-1,o4-mini-2025-04-16,tool_chain,tool_chain_v0,v5,"36.928892, -76.687470",2988,417,0,3405,8.99998498,44.83441105,0,1
19,T-4,gpt-4.1-2025-04-14,tool_chain,tool_chain_v0,v5,"36.928892, -76.687470",862,12,0,874,1.598706007,44.83441105,0,1
20,H-1,human-gis,static,static,1,"37.744783, -77.4464165",0,0,0,0,0,54.94014657,0,1
20,M-1,o4-mini-2025-04-16,one_shot,one_shot_dms_v1,v1,"37¬∞58'45.21093""N 077¬∞44'34.12345""W",115,2457,2432,2572,22.06400394,18.15183383,0,1
20,M-2,o3-2025-04-16,one_shot,one_shot_dms_v1,v1,"38¬∞00'47.50416""N 077¬∞46'47.01598""W",115,1753,1728,1868,18.39711213,13.26924003,0,1
20,M-3,o3-mini-2025-01-31,one_shot,one_shot_dms_v1,v1,"37¬∞33'14.50000""N 077¬∞21'20.50000""W",115,2772,2752,2887,36.3057301,75.98891015,0,1
20,M-4,gpt-4.1-2025-04-14,one_shot,one_shot_dms_v1,v1,"37¬∞46'36.0000""N 77¬∞17'24.0000""W",116,20,0,136,0.6507678032,63.60707251,0,1
20,M-5,chatgpt-4o-latest,one_shot,one_shot_dms_v1,v1,"37¬∞45'32.00000""N 77¬∞30'15.00000""W",116,20,0,136,0.4290287495,50.23378595,0,1
20,M-6,gpt-3.5-turbo,one_shot,one_shot_dms_v1,v1,"37¬∞45'27.6""N 77¬∞24'58.8""W",117,18,0,135,2.319881916,55.94334484,0,1
20,T-1,o4-mini-2025-04-16,tool_chain,tool_chain_v0,v5,"37.766569, -77.370244",6588,301,0,6889,12.47561479,58.47134206,0,1
20,T-4,gpt-4.1-2025-04-14,tool_chain,tool_chain_v0,v5,"37.777207, -77.516079",1595,35,0,1630,2.457644224,48.04347333,0,1
21,H-1,human-gis,static,static,1,"37.1118778, -76.895924",0,0,0,0,0,103.6846471,0,1
21,M-1,o4-mini-2025-04-16,one_shot,one_shot_dms_v1,v1,"36¬∞47'19.85734""N 077¬∞50'21.64321""W",128,2521,2496,2649,20.84676695,13.23931868,0,1
21,M-2,o3-2025-04-16,one_shot,one_shot_dms_v1,v1,"36¬∞46'48.00000""N 077¬∞50'23.99999""W",128,2073,2048,2201,20.73318219,13.17240153,0,1
21,M-3,o3-mini-2025-01-31,one_shot,one_shot_dms_v1,v1,"36¬∞43'36.98400""N 077¬∞12'37.98000""W",128,4884,4864,5012,50.17666006,69.53189692,0,1
21,M-4,gpt-4.1-2025-04-14,one_shot,one_shot_dms_v1,v1,"36¬∞56'44.0000""N 77¬∞56'16.0000""W",129,20,0,149,1.297645092,18.5851035,0,1
21,M-5,chatgpt-4o-latest,one_shot,one_shot_dms_v1,v1,"36¬∞56'15.00000""N 77¬∞52'30.00000""W",129,20,0,149,0.4593799114,19.87061691,0,1
21,M-6,gpt-3.5-turbo,one_shot,one_shot_dms_v1,v1,"36¬∞45'12.00000""N 77¬∞50'24.00000""W",129,20,0,149,0.707268238,13.58428706,0,1
21,T-1,o4-mini-2025-04-16,tool_chain,tool_chain_v0,v5,"36.757059, -77.836728",11214,715,0,11929,17.89055896,13.77307112,0,1
21,T-4,gpt-4.1-2025-04-14,tool_chain,tool_chain_v0,v5,"36.804904, -78.009210",1639,42,0,1681,1.440130949,3.065110315,0,1
22,H-1,human-gis,static,static,1,"37.1232245, -78.4927721",0,0,0,0,0,107.9575055,0,1
22,M-1,o4-mini-2025-04-16,one_shot,one_shot_dms_v1,v1,"38¬∞18'39.12345""N 077¬∞17'48.12345""W",182,1817,1792,1999,16.25247622,103.4887282,0,1
22,M-2,o3-2025-04-16,one_shot,one_shot_dms_v1,v1,"37¬∞56'02.76000""N 077¬∞28'18.84000""W",182,1433,1408,1615,14.82720113,87.35386196,0,1
22,M-3,o3-mini-2025-01-31,one_shot,one_shot_dms_v1,v1,"38¬∞01'00.00000""N 077¬∞30'00.00000""W",182,3604,3584,3786,29.26081204,83.46706471,0,1
22,M-4,gpt-4.1-2025-04-14,one_shot,one_shot_dms_v1,v1,"38¬∞06'38.0000""N 77¬∞19'13.0000""W",183,20,0,203,0.6635992527,98.7196144,0,1
22,M-5,chatgpt-4o-latest,one_shot,one_shot_dms_v1,v1,"38¬∞00'15.00000""N 77¬∞19'30.00000""W",183,20,0,203,0.488120079,98.85961341,0,1
22,M-6,gpt-3.5-turbo,one_shot,one_shot_dms_v1,v1,"38¬∞00'00""N 77¬∞16'00""W",186,14,0,200,0.6006200314,103.991084,0,1
22,T-1,o4-mini-2025-04-16,tool_chain,tool_chain_v0,v5,"37.890904, -77.217358",9925,689,0,10614,14.85687089,110.1948463,0,1
22,T-4,gpt-4.1-2025-04-14,tool_chain,tool_chain_v0,v5,"38.044556, -77.286488",1741,41,0,1782,1.732541084,101.8491276,0,1
23,H-1,human-gis,static,static,1,"36.8953677, -76.7248143",0,0,0,0,0,13.5192057,0,1
23,M-1,o4-mini-2025-04-16,one_shot,one_shot_dms_v1,v1,"36¬∞58'22.12340""N 076¬∞38'55.67890""W",153,1753,1728,1906,18.50578523,22.67856648,0,1
23,M-2,o3-2025-04-16,one_shot,one_shot_dms_v1,v1,"36¬∞38'02.40000""N 76¬∞55'26.40000""W",153,2137,2112,2290,20.88028121,24.77186808,0,1
23,M-3,o3-mini-2025-01-31,one_shot,one_shot_dms_v1,v1,"36¬∞36'30.00000""N 076¬∞18'45.00000""W",153,4372,4352,4525,36.48733377,39.83986615,0,1
23,M-4,gpt-4.1-2025-04-14,one_shot,one_shot_dms_v1,v1,"36¬∞48'32.0000""N 76¬∞42'15.0000""W",154,20,0,174,1.761413813,3.841828273,0,1
23,M-5,chatgpt-4o-latest,one_shot,one_shot_dms_v1,v1,"36¬∞48'29.00000""N 76¬∞42'15.00000""W",154,20,0,174,0.4778649807,3.749615354,0,1
23,M-6,gpt-3.5-turbo,one_shot,one_shot_dms_v1,v1,"36¬∞55'42.0""N 76¬∞42'18.0""W",158,18,0,176,0.4826729298,17.1078747,0,1
23,T-1,o4-mini-2025-04-16,tool_chain,tool_chain_v0,v5,"36.928892, -76.687470",2111,691,0,2802,7.661270142,17.26770533,0,1
23,T-4,gpt-4.1-2025-04-14,tool_chain,tool_chain_v0,v5,"36.928892, -76.687470",1678,37,0,1715,1.548040867,17.26770533,0,1
24,H-1,human-gis,static,static,1,"37.1232245, -78.4927721",0,0,0,0,0,141.5310569,0,1
24,M-1,o4-mini-2025-04-16,one_shot,one_shot_dms_v1,v1,"37¬∞44'18.16314""N 076¬∞54'37.28942""W",192,2457,2432,2649,25.29943299,84.89665757,0,1
24,M-2,o3-2025-04-16,one_shot,one_shot_dms_v1,v1,"37¬∞45'50.40000""N 077¬∞05'47.40000""W",192,4121,4096,4313,44.15551996,70.81963685,0,1
24,M-3,o3-mini-2025-01-31,one_shot,one_shot_dms_v1,v1,"37¬∞39'00.00000""N 077¬∞06'00.00000""W",192,2580,2560,2772,23.63607287,80.13464703,0,1
24,M-4,gpt-4.1-2025-04-14,one_shot,one_shot_dms_v1,v1,"37¬∞41'18.0000""N 77¬∞00'36.0000""W",193,20,0,213,0.8631339073,82.1530021,0,1
24,M-5,chatgpt-4o-latest,one_shot,one_shot_dms_v1,v1,"37¬∞41'12.0000""N 77¬∞00'36.0000""W",193,20,0,213,0.6647539139,82.28573955,0,1
24,M-6,gpt-3.5-turbo,one_shot,one_shot_dms_v1,v1,"37¬∞38'24.0""N 76¬∞50'24.0""W",197,18,0,215,0.6130239964,96.69552978,0,1
24,T-1,o4-mini-2025-04-16,tool_chain,tool_chain_v0,v5,"37.737212, -77.148516",7256,315,0,7571,9.812423944,69.9226299,0,1
24,T-4,gpt-4.1-2025-04-14,tool_chain,tool_chain_v0,v5,"37.737212, -77.148516",1753,37,0,1790,2.167997837,69.9226299,0,1
25,H-1,human-gis,static,static,1,"37.1232245, -78.4927721",0,0,0,0,0,91.49901403,0,1
25,M-1,o4-mini-2025-04-16,one_shot,one_shot_dms_v1,v1,"37¬∞49'55.12345""N 077¬∞27'10.67890""W",178,1881,1856,2059,15.97472095,35.46637835,0,1
25,M-2,o3-2025-04-16,one_shot,one_shot_dms_v1,v1,"37¬∞46'54.19200""N 077¬∞27'13.86000""W",178,3801,3776,3979,47.58414102,34.70806914,0,1
25,M-3,o3-mini-2025-01-31,one_shot,one_shot_dms_v1,v1,"37¬∞44'30.00000""N 077¬∞11'45.00000""W",178,4052,4032,4230,47.38736176,57.43899641,0,1
25,M-4,gpt-4.1-2025-04-14,one_shot,one_shot_dms_v1,v1,"37¬∞46'16.0000""N 77¬∞32'36.0000""W",179,20,0,199,0.7337779999,26.8128888,0,1
25,M-5,chatgpt-4o-latest,one_shot,one_shot_dms_v1,v1,"37¬∞45'12.0000""N 77¬∞25'30.0000""W",179,20,0,199,0.5359129906,37.2502087,0,1
25,M-6,gpt-3.5-turbo,one_shot,one_shot_dms_v1,v1,"37¬∞45'21.6""N 77¬∞30'12.6""W",182,18,0,200,0.4662210941,30.34251876,0,1
25,T-1,o4-mini-2025-04-16,tool_chain,tool_chain_v0,v5,"37.777207, -77.516079",8399,578,0,8977,13.30246115,29.2236909,0,1
25,T-4,gpt-4.1-2025-04-14,tool_chain,tool_chain_v0,v5,"37.777207, -77.516079",7577,150,0,7727,7.489297867,29.2236909,0,1
26,H-1,human-gis,static,static,1,"37.9140592, -76.9326385",0,0,0,0,0,68.11140619,0,1
26,M-1,o4-mini-2025-04-16,one_shot,one_shot_dms_v1,v1,"37¬∞55'38.12345""N 076¬∞51'31.98765""W",213,2777,2752,2990,27.7800808,72.39515145,0,1
26,M-2,o3-2025-04-16,one_shot,one_shot_dms_v1,v1,"38¬∞19'24.60000""N 077¬∞32'07.80000""W",213,1433,1408,1646,13.61647105,2.781091796,0,1
26,M-3,o3-mini-2025-01-31,one_shot,one_shot_dms_v1,v1,"37¬∞57'30.00000""N 076¬∞12'00.00000""W",213,2836,2816,3049,21.09655309,123.0446351,0,1
26,M-4,gpt-4.1-2025-04-14,one_shot,one_shot_dms_v1,v1,"38¬∞00'36.0000""N 77¬∞19'48.0000""W",214,20,0,234,1.209461927,36.91177858,0,1
26,M-5,chatgpt-4o-latest,one_shot,one_shot_dms_v1,v1,"38¬∞00'12.00000""N 77¬∞19'48.00000""W",214,20,0,234,0.611823082,37.55846235,0,1
26,M-6,gpt-3.5-turbo,one_shot,one_shot_dms_v1,v1,"38¬∞03'24.0""N 77¬∞03'36.0""W",218,18,0,236,0.4569599628,49.7363064,0,1
26,T-1,o4-mini-2025-04-16,tool_chain,tool_chain_v0,v5,"37.967168, -76.964306",5988,414,0,6402,9.819143057,62.29820884,0,1
26,T-4,gpt-4.1-2025-04-14,tool_chain,tool_chain_v0,v5,"37.967168, -76.964306",7997,169,0,8166,7.18042326,62.29820884,0,1
27,H-1,human-gis,static,static,1,"37.744783, -77.4464165",0,0,0,0,0,55.13461323,0,1
27,M-1,o4-mini-2025-04-16,one_shot,one_shot_dms_v1,v1,"37¬∞55'57.46080""N 077¬∞26'37.93920""W",131,1625,1600,1756,15.97106791,42.67183939,0,1
27,M-2,o3-2025-04-16,one_shot,one_shot_dms_v1,v1,"37¬∞52'57.50400""N 77¬∞30'23.94000""W",131,3225,3200,3356,35.63606691,40.92198662,0,1
27,M-3,o3-mini-2025-01-31,one_shot,one_shot_dms_v1,v1,"37¬∞38'45.12345""N 077¬∞25'30.67890""W",131,3732,3712,3863,36.56813598,64.70346598,0,1
27,M-4,gpt-4.1-2025-04-14,one_shot,one_shot_dms_v1,v1,"37¬∞48'12.0000""N 77¬∞34'48.0000""W",132,20,0,152,0.5764439106,42.52316983,0,1
27,M-5,chatgpt-4o-latest,one_shot,one_shot_dms_v1,v1,"37¬∞45'12.0000""N 77¬∞36'18.0000""W",132,20,0,152,0.5738630295,45.83498996,0,1
27,M-6,gpt-3.5-turbo,one_shot,one_shot_dms_v1,v1,"38¬∞ 1' 12.000""N 77¬∞ 44' 24.000""W",132,22,0,154,0.6807971001,15.39019558,0,1
27,T-1,o4-mini-2025-04-16,tool_chain,tool_chain_v0,v5,"37.907336, -77.561828",11155,633,0,11788,15.02637315,35.4109126,0,1
27,T-4,gpt-4.1-2025-04-14,tool_chain,tool_chain_v0,v5,"37.842274, -77.538933",2838,89,0,2927,8.014076948,41.70381002,0,1
28,H-1,human-gis,static,static,1,"36.8953677, -76.7248143",0,0,0,0,0,26.7797388,0,1
28,M-1,o4-mini-2025-04-16,one_shot,one_shot_dms_v1,v1,"36¬∞49'43.21750""N 077¬∞04'58.87920""W",127,4569,4544,4696,40.24187779,7.990459387,0,1
28,M-2,o3-2025-04-16,one_shot,one_shot_dms_v1,v1,"36¬∞52'12.00000""N 077¬∞03'00.00000""W",127,1881,1856,2008,20.45477915,2.666072456,0,1
28,M-3,o3-mini-2025-01-31,one_shot,one_shot_dms_v1,v1,"36¬∞55'12.34567""N 076¬∞44'50.12345""W",127,1940,1920,2067,19.78882504,25.07435068,0,1
28,M-4,gpt-4.1-2025-04-14,one_shot,one_shot_dms_v1,v1,"36¬∞36'12.0000""N 77¬∞00'36.0000""W",128,20,0,148,0.8501551151,31.23097204,0,1
28,M-5,chatgpt-4o-latest,one_shot,one_shot_dms_v1,v1,"36¬∞36'30.00000""N 76¬∞52'15.00000""W",128,20,0,148,0.7079920769,33.60365457,0,1
28,M-6,gpt-3.5-turbo,one_shot,one_shot_dms_v1,v1,"36¬∞50'42.0""N 76¬∞54'36.0""W",128,18,0,146,0.591365099,11.15737,0,1
28,T-1,o4-mini-2025-04-16,tool_chain,tool_chain_v0,v5,"36.870079, -76.747513",4336,337,0,4673,7.036510944,24.78276361,0,1
28,T-4,gpt-4.1-2025-04-14,tool_chain,tool_chain_v0,v5,"36.870079, -76.747513",2865,89,0,2954,4.518572092,24.78276361,0,1
29,H-1,human-gis,static,static,1,"37.4974701, -76.9990453",0,0,0,0,0,70.49024077,0,1
29,M-1,o4-mini-2025-04-16,one_shot,one_shot_dms_v1,v1,"37¬∞25'54.50160""N 077¬∞04'21.81000""W",160,1561,1536,1721,10.85568309,71.14839815,0,1
29,M-2,o3-2025-04-16,one_shot,one_shot_dms_v1,v1,"37¬∞35'36.00000""N 077¬∞20'01.00000""W",160,2201,2176,2361,29.38274193,42.92544241,0,1
29,M-3,o3-mini-2025-01-31,one_shot,one_shot_dms_v1,v1,"37¬∞27'53.00000""N 076¬∞57'00.00000""W",160,2068,2048,2228,19.95762181,76.14420011,0,1
29,M-4,gpt-4.1-2025-04-14,one_shot,one_shot_dms_v1,v1,"37¬∞41'10.0000""N 77¬∞02'30.0000""W",161,20,0,181,1.096253872,55.35079747,0,1
29,M-5,chatgpt-4o-latest,one_shot,one_shot_dms_v1,v1,"37¬∞41'12.0000""N 77¬∞00'36.0000""W",161,20,0,181,0.984607935,57.80260133,0,1
29,M-6,gpt-3.5-turbo,one_shot,one_shot_dms_v1,v1,"37¬∞34'12.0""N 76¬∞59'24.0""W",163,18,0,181,0.6066479683,66.05683251,0,1
29,T-1,o4-mini-2025-04-16,tool_chain,tool_chain_v0,v5,"37.465376, -76.964306",1897,307,0,2204,9.452787876,75.15477063,0,1
29,T-4,gpt-4.1-2025-04-14,tool_chain,tool_chain_v0,v5,"37.465376, -76.964306",1698,42,0,1740,1.978928089,75.15477063,0,1
30,H-1,human-gis,static,static,1,"37.1118778, -76.895924",0,0,0,0,0,31.03821657,0,1
30,M-1,o4-mini-2025-04-16,one_shot,one_shot_dms_v1,v1,"37¬∞13'07.32000""N 076¬∞41'50.64000""W",130,2457,2432,2587,16.29541802,51.72918724,0,1
30,M-2,o3-2025-04-16,one_shot,one_shot_dms_v1,v1,"36¬∞55'54.84000""N 77¬∞23'41.64000""W",130,2457,2432,2587,24.31052923,25.07968946,0,1
30,M-3,o3-mini-2025-01-31,one_shot,one_shot_dms_v1,v1,"37¬∞07'30.00000""N 076¬∞57'45.00000""W",130,3092,3072,3222,25.0381999,28.9663368,0,1
30,M-4,gpt-4.1-2025-04-14,one_shot,one_shot_dms_v1,v1,"37¬∞00'31.0000""N 76¬∞48'44.0000""W",131,20,0,151,0.7019431591,29.82910791,0,1
30,M-5,chatgpt-4o-latest,one_shot,one_shot_dms_v1,v1,"36¬∞53'10.00000""N 76¬∞56'45.00000""W",131,20,0,151,0.4542860985,15.21517172,0,1
30,M-6,gpt-3.5-turbo,one_shot,one_shot_dms_v1,v1,"37¬∞05'32.6""N 76¬∞59'28.2""W",132,18,0,150,1.18164587,24.57481722,0,1
30,T-1,o4-mini-2025-04-16,tool_chain,tool_chain_v0,v5,"37.118552, -76.872096",1740,245,0,1985,6.507516146,32.96956541,0,1
30,T-4,gpt-4.1-2025-04-14,tool_chain,tool_chain_v0,v5,"37.118552, -76.872096",1635,40,0,1675,1.58362484,32.96956541,0,1
31,H-1,human-gis,static,static,1,"38.4672023, -77.8625035",0,0,0,0,0,14.00761797,0,1
31,M-1,o4-mini-2025-04-16,one_shot,one_shot_dms_v1,v1,"38¬∞11'23.45679""N 077¬∞40'12.34568""W",116,2905,2880,3021,21.12845325,27.38624805,0,1
31,M-2,o3-2025-04-16,one_shot,one_shot_dms_v1,v1,"38¬∞24'30.00000""N 78¬∞02'00.00000""W",116,4825,4800,4941,46.74092317,12.61485861,0,1
31,M-3,o3-mini-2025-01-31,one_shot,one_shot_dms_v1,v1,"38¬∞14'12.00000""N 077¬∞44'30.00000""W",116,3220,3200,3336,23.80490375,19.2498866,0,1
31,M-4,gpt-4.1-2025-04-14,one_shot,one_shot_dms_v1,v1,"38¬∞17'12.0000""N 77¬∞44'30.0000""W",117,20,0,137,0.6142020226,16.2679821,0,1
31,M-5,chatgpt-4o-latest,one_shot,one_shot_dms_v1,v1,"38¬∞14'12.00000""N 77¬∞45'36.00000""W",117,20,0,137,0.4340522289,18.04743071,0,1
31,M-6,gpt-3.5-turbo,one_shot,one_shot_dms_v1,v1,"38¬∞11'24.0""N 77¬∞40'48.0""W",118,18,0,136,0.7452807426,26.71580961,0,1
31,T-1,o4-mini-2025-04-16,tool_chain,tool_chain_v0,v5,"38.204165, -77.607787",1724,371,0,2095,5.207937956,30.91102566,0,1
31,T-4,gpt-4.1-2025-04-14,tool_chain,tool_chain_v0,v5,"38.204165, -77.607787",1613,43,0,1656,1.807698727,30.91102566,0,1
32,H-1,human-gis,static,static,1,"37.1232245, -78.4927721",0,0,0,0,0,128.8767033,0,1
32,M-1,o4-mini-2025-04-16,one_shot,one_shot_dms_v1,v1,"37¬∞05'30.24813""N 076¬∞44'55.13472""W",142,3417,3392,3559,24.88599491,25.83877645,0,1
32,M-2,o3-2025-04-16,one_shot,one_shot_dms_v1,v1,"37¬∞01'09.00000""N 077¬∞01'58.00000""W",142,2265,2240,2407,22.68887687,8.166443452,0,1
32,M-3,o3-mini-2025-01-31,one_shot,one_shot_dms_v1,v1,"37¬∞15'30.00000""N 076¬∞55'30.00000""W",142,2836,2816,2978,28.61837292,21.07716953,0,1
32,M-4,gpt-4.1-2025-04-14,one_shot,one_shot_dms_v1,v1,"37¬∞02'31.0000""N 77¬∞02'15.0000""W",143,20,0,163,0.6499688625,5.612993002,0,1
32,M-5,chatgpt-4o-latest,one_shot,one_shot_dms_v1,v1,"36¬∞52'12.00000""N 77¬∞04'30.00000""W",143,20,0,163,0.6252861023,24.92314882,0,1
32,M-6,gpt-3.5-turbo,one_shot,one_shot_dms_v1,v1,"37¬∞05'15.6""N 77¬∞12'45.6""W",143,18,0,161,0.626718998,15.32752704,0,1
32,T-1,o4-mini-2025-04-16,tool_chain,tool_chain_v0,v5,"37.108110, -77.151392",2836,278,0,3114,6.358422995,10.03571357,0,1
32,T-4,gpt-4.1-2025-04-14,tool_chain,tool_chain_v0,v5,"37.108558, -76.735738",1666,43,0,1709,1.530184984,27.04066534,0,1
33,H-1,human-gis,static,static,1,"37.744783, -77.4464165",0,0,0,0,0,16.15470869,0,1
33,M-1,o4-mini-2025-04-16,one_shot,one_shot_dms_v1,v1,"37¬∞46'54.99840""N 077¬∞22'21.00000""W",162,1241,1216,1403,9.246178865,20.81403451,0,1
33,M-2,o3-2025-04-16,one_shot,one_shot_dms_v1,v1,"37¬∞49'22.80000""N 77¬∞38'45.60000""W",162,3673,3648,3835,35.81007576,3.649906162,0,1
33,M-3,o3-mini-2025-01-31,one_shot,one_shot_dms_v1,v1,"37¬∞40'30.00000""N 077¬∞15'30.00000""W",162,3092,3072,3254,31.60016799,34.39042055,0,1
33,M-4,gpt-4.1-2025-04-14,one_shot,one_shot_dms_v1,v1,"37¬∞41'12.0000""N 77¬∞13'48.0000""W",163,20,0,183,0.5117897987,36.06699968,0,1
33,M-5,chatgpt-4o-latest,one_shot,one_shot_dms_v1,v1,"37¬∞42'12.0000""N 77¬∞20'24.0000""W",163,20,0,183,0.4498660564,26.56933323,0,1
33,M-6,gpt-3.5-turbo,one_shot,one_shot_dms_v1,v1,"37¬∞46'12.0""N 77¬∞29'24.0""W",169,18,0,187,0.9094047546,11.43985493,0,1
33,T-1,o4-mini-2025-04-16,tool_chain,tool_chain_v0,v5,"37.791006, -77.582476",4445,433,0,4878,16.80573893,3.630671556,0,1
33,T-4,gpt-4.1-2025-04-14,tool_chain,tool_chain_v0,v5,"37.791006, -77.582476",1689,34,0,1723,1.562087774,3.630671556,0,1
34,H-1,human-gis,static,static,1,"37.1118778, -76.895924",0,0,0,0,0,23.1173317,0,1
34,M-1,o4-mini-2025-04-16,one_shot,one_shot_dms_v1,v1,"37¬∞09'29.88000""N 076¬∞47'59.46000""W",120,3417,3392,3537,26.83450198,32.34583853,0,1
34,M-2,o3-2025-04-16,one_shot,one_shot_dms_v1,v1,"37¬∞02'55.97520""N 077¬∞03'23.66994""W",120,3929,3904,4049,49.0282917,10.10515478,0,1
34,M-3,o3-mini-2025-01-31,one_shot,one_shot_dms_v1,v1,"37¬∞18'30.00000""N 076¬∞44'00.00000""W",120,2900,2880,3020,28.74743605,44.36159451,0,1
34,M-4,gpt-4.1-2025-04-14,one_shot,one_shot_dms_v1,v1,"36¬∞52'16.0000""N 77¬∞01'12.0000""W",121,20,0,141,0.952578068,27.53364516,0,1
34,M-5,chatgpt-4o-latest,one_shot,one_shot_dms_v1,v1,"36¬∞56'10.0000""N 77¬∞05'15.0000""W",121,20,0,141,0.4639999866,18.5450463,0,1
34,M-6,gpt-3.5-turbo,one_shot,one_shot_dms_v1,v1,"36¬∞49'12.0""N 76¬∞49'48.0""W",121,18,0,139,0.984489918,41.99728083,0,1
34,T-1,o4-mini-2025-04-16,tool_chain,tool_chain_v0,v5,"37.072678, -76.947914",8737,769,0,9506,16.85809302,18.57238849,0,1
34,T-4,gpt-4.1-2025-04-14,tool_chain,tool_chain_v0,v5,"37.095621, -76.910017",3583,111,0,3694,4.646331072,21.78301743,0,1
35,H-1,human-gis,static,static,1,"37.1232245, -78.4927721",0,0,0,0,0,79.95828444,0,1
35,M-1,o4-mini-2025-04-16,one_shot,one_shot_dms_v1,v1,"37¬∞28'58.83000""N 077¬∞24'47.92000""W",170,2009,1984,2179,15.32315588,24.62586432,0,1
35,M-2,o3-2025-04-16,one_shot,one_shot_dms_v1,v1,"37¬∞32'13.20000""N 77¬∞47'16.80000""W",170,3289,3264,3459,32.39350295,12.70681479,0,1
35,M-3,o3-mini-2025-01-31,one_shot,one_shot_dms_v1,v1,"37¬∞32'45.12345""N 077¬∞27'30.67890""W",170,2708,2688,2878,22.21421599,22.85098842,0,1
35,M-4,gpt-4.1-2025-04-14,one_shot,one_shot_dms_v1,v1,"37¬∞22'30.0000""N 77¬∞37'30.0000""W",171,20,0,191,1.602386951,10.42792823,0,1
35,M-5,chatgpt-4o-latest,one_shot,one_shot_dms_v1,v1,"37¬∞21'12.00000""N 77¬∞36'00.00000""W",171,20,0,191,0.5271241665,13.66450157,0,1
35,M-6,gpt-3.5-turbo,one_shot,one_shot_dms_v1,v1,"37¬∞20'12.0""N 77¬∞30'36.0""W",171,18,0,189,0.6263506413,20.51357529,0,1
35,T-1,o4-mini-2025-04-16,tool_chain,tool_chain_v0,v5,"37.505933, -77.332443",4266,312,0,4578,9.284139156,32.07346322,0,1
35,T-4,gpt-4.1-2025-04-14,tool_chain,tool_chain_v0,v5,"37.505933, -77.332443",1711,38,0,1749,1.772733927,32.07346322,0,1
36,H-1,human-gis,static,static,1,"37.4437158, -79.163737",0,0,0,0,0,170.9487949,0,1
36,M-1,o4-mini-2025-04-16,one_shot,one_shot_dms_v1,v1,"37¬∞22'16.32000""N 077¬∞03'26.28000""W",285,3289,3264,3574,31.36167336,26.5873815,0,1
36,M-2,o3-2025-04-16,one_shot,one_shot_dms_v1,v1,"37¬∞04'48.50040""N 077¬∞14'09.90960""W",285,2777,2752,3062,27.48892117,12.59860362,0,1
36,M-3,o3-mini-2025-01-31,one_shot,one_shot_dms_v1,v1,"37¬∞18'45.00000""N 077¬∞43'30.00000""W",285,3988,3968,4273,42.40097094,43.5591234,0,1
36,M-4,gpt-4.1-2025-04-14,one_shot,one_shot_dms_v1,v1,"37¬∞08'18.0000""N 77¬∞10'12.0000""W",286,20,0,306,0.834191084,9.739116727,0,1
36,M-5,chatgpt-4o-latest,one_shot,one_shot_dms_v1,v1,"37¬∞14'12.00000""N 77¬∞10'48.00000""W",286,20,0,306,0.6133067608,8.391454285,0,1
36,M-6,gpt-3.5-turbo,one_shot,one_shot_dms_v1,v1,"37¬∞16'18.0""N 77¬∞13'12.0""W",293,18,0,311,0.9433999062,9.406532659,0,1
36,T-1,o4-mini-2025-04-16,tool_chain,tool_chain_v0,v5,"37.401822, -77.148516",8732,510,0,9242,12.86497283,25.18846424,0,1
36,T-4,gpt-4.1-2025-04-14,tool_chain,tool_chain_v0,v5,"37.401822, -77.148516",1942,41,0,1983,3.996402979,25.18846424,0,1
37,H-1,human-gis,static,static,1,"37.1232245, -78.4927721",0,0,0,0,0,104.0291956,0,1
37,M-1,o4-mini-2025-04-16,one_shot,one_shot_dms_v1,v1,"37¬∞09'25.12345""N 077¬∞19'50.54321""W",141,2329,2304,2470,17.38392901,12.63492078,0,1
37,M-2,o3-2025-04-16,one_shot,one_shot_dms_v1,v1,"37¬∞03'55.43750""N 077¬∞16'38.68200""W",141,2777,2752,2918,29.91573524,4.823270181,0,1
37,M-3,o3-mini-2025-01-31,one_shot,one_shot_dms_v1,v1,"37¬∞12'00.00000""N 077¬∞14'00.00000""W",141,2644,2624,2785,20.78706002,19.18379698,0,1
37,M-4,gpt-4.1-2025-04-14,one_shot,one_shot_dms_v1,v1,"37¬∞13'16.0000""N 77¬∞18'46.0000""W",142,20,0,162,1.331482887,19.77975147,0,1
37,M-5,chatgpt-4o-latest,one_shot,one_shot_dms_v1,v1,"37¬∞12'10.0000""N 77¬∞34'45.0000""W",142,20,0,162,0.7560303211,28.71242307,0,1
37,M-6,gpt-3.5-turbo,one_shot,one_shot_dms_v1,v1,"38¬∞37'42.0""N 77¬∞15'18.0""W",142,18,0,160,0.5233681202,176.3343595,0,1
37,T-1,o4-mini-2025-04-16,tool_chain,tool_chain_v0,v5,"37.047331, -77.319692",4710,404,0,5114,8.781526089,0.593520837,0,1
37,T-4,gpt-4.1-2025-04-14,tool_chain,tool_chain_v0,v5,"37.047331, -77.319692",3709,121,0,3830,3.641318321,0.593520837,0,1
38,H-1,human-gis,static,static,1,,0,0,0,0,0,,0,0
38,M-1,o4-mini-2025-04-16,one_shot,one_shot_dms_v1,v1,"37¬∞25'05.12345""N 077¬∞40'20.54321""W",103,2137,2112,2240,15.78625107,62.4934168,0,0
38,M-2,o3-2025-04-16,one_shot,one_shot_dms_v1,v1,"37¬∞44'27.60000""N 078¬∞05'02.40000""W",103,4249,4224,4352,54.58683801,30.48540787,0,0
38,M-3,o3-mini-2025-01-31,one_shot,one_shot_dms_v1,v1,"38¬∞00'00.00000""N 077¬∞00'00.00000""W",103,3028,3008,3131,25.69277096,76.50392917,0,0
38,M-4,gpt-4.1-2025-04-14,one_shot,one_shot_dms_v1,v1,"37¬∞41'16.00000""N 77¬∞56'44.00000""W",104,20,0,124,0.6671061516,30.70904068,0,0
38,M-5,chatgpt-4o-latest,one_shot,one_shot_dms_v1,v1,"37¬∞40'12.00000""N 77¬∞56'24.00000""W",104,20,0,124,0.4648089409,32.54934368,0,0
38,M-6,gpt-3.5-turbo,one_shot,one_shot_dms_v1,v1,"37¬∞17'12.0""N 76¬∞45'00.0""W",104,18,0,122,0.572875977,123.7612657,0,0
38,T-1,o4-mini-2025-04-16,tool_chain,tool_chain_v0,v5,"Could you please provide the specific land-grant description (natural features, county, boundaries) for John Cosby & Charles Barrett‚Äôs 400 acs. grant?",743,39,0,782,1.426392078,,0,0
38,T-4,gpt-4.1-2025-04-14,tool_chain,tool_chain_v0,v5,"37.431573, -78.656894",1573,38,0,1611,2.252689123,90.55706808,0,0
39,H-1,human-gis,static,static,1,"36.601755, -76.9789759",0,0,0,0,0,8.867149793,0,1
39,M-1,o4-mini-2025-04-16,one_shot,one_shot_dms_v1,v1,"36¬∞34'34.42700""N 077¬∞06'41.30900""W",133,5081,5056,5214,35.7266202,9.797168395,0,1
39,M-2,o3-2025-04-16,one_shot,one_shot_dms_v1,v1,"36¬∞56'27.49200""N 077¬∞05'15.88920""W",133,2073,2048,2206,81.82786679,32.23261767,0,1
39,M-3,o3-mini-2025-01-31,one_shot,one_shot_dms_v1,v1,"36¬∞51'37.08000""N 076¬∞42'55.08000""W",133,3732,3712,3865,36.66168499,38.15954669,0,1
39,M-4,gpt-4.1-2025-04-14,one_shot,one_shot_dms_v1,v1,"36¬∞37'12.0000""N 77¬∞00'30.0000""W",134,20,0,154,1.22872901,5.555104079,0,1
39,M-5,chatgpt-4o-latest,one_shot,one_shot_dms_v1,v1,"36¬∞40'31.00000""N 77¬∞00'15.00000""W",134,20,0,154,0.6113619804,5.280111539,0,1
39,M-6,gpt-3.5-turbo,one_shot,one_shot_dms_v1,v1,"36¬∞55'12.00000""N 76¬∞42'00.00000""W",137,20,0,157,0.6516339779,43.48799098,0,1
39,T-1,o4-mini-2025-04-16,tool_chain,tool_chain_v0,v5,"36.928892, -76.687470",1813,695,0,2508,9.424318075,44.97686148,0,1
39,T-4,gpt-4.1-2025-04-14,tool_chain,tool_chain_v0,v5,"36.928892, -76.687470",1644,40,0,1684,3.050903082,44.97686148,0,1
40,H-1,human-gis,static,static,1,"36.8953677, -76.7248143",0,0,0,0,0,60.20053393,0,1
40,M-1,o4-mini-2025-04-16,one_shot,one_shot_dms_v1,v1,"36¬∞45'30.60000""N 078¬∞05'44.00000""W",130,4441,4416,4571,40.01913595,71.66872831,0,1
40,M-2,o3-2025-04-16,one_shot,one_shot_dms_v1,v1,"36¬∞35'15.79200""N 077¬∞11'24.14400""W",130,2521,2496,2651,28.87749362,11.39565016,0,1
40,M-3,o3-mini-2025-01-31,one_shot,one_shot_dms_v1,v1,"36¬∞58'30.0000""N 076¬∞47'00.0000""W",130,3220,3200,3350,46.38857388,60.98313756,0,1
40,M-4,gpt-4.1-2025-04-14,one_shot,one_shot_dms_v1,v1,"36¬∞39'31.0000""N 77¬∞06'13.0000""W",131,20,0,151,1.529861927,18.77008037,0,1
40,M-5,chatgpt-4o-latest,one_shot,one_shot_dms_v1,v1,"36¬∞42'12.00000""N 77¬∞06'45.00000""W",131,20,0,151,0.4749932289,19.66616458,0,1
40,M-6,gpt-3.5-turbo,one_shot,one_shot_dms_v1,v1,"36¬∞58'24.0""N 76¬∞42'00.0""W",131,18,0,149,0.5360939503,66.74443135,0,1
40,T-1,o4-mini-2025-04-16,tool_chain,tool_chain_v0,v5,"36.833957, -76.646619",15731,799,0,16530,19.23194122,63.52502487,0,1
40,T-4,gpt-4.1-2025-04-14,tool_chain,tool_chain_v0,v5,"36.817689, -77.762534",10374,248,0,10622,12.59889698,45.76987892,0,1
41,H-1,human-gis,static,static,1,"37.8008971, -77.6386892",0,0,0,0,0,38.39689345,0,1
41,M-1,o4-mini-2025-04-16,one_shot,one_shot_dms_v1,v1,"37¬∞47'06.00000""N 077¬∞14'42.00000""W",111,2713,2688,2824,19.99398708,70.04331271,0,1
41,M-2,o3-2025-04-16,one_shot,one_shot_dms_v1,v1,"37¬∞43'21.50580""N 077¬∞39'17.97160""W",111,793,768,904,8.907707214,43.04973225,0,1
41,M-3,o3-mini-2025-01-31,one_shot,one_shot_dms_v1,v1,"37¬∞37'30.00000""N 077¬∞25'30.00000""W",111,2708,2688,2819,36.73569894,65.2668455,0,1
41,M-4,gpt-4.1-2025-04-14,one_shot,one_shot_dms_v1,v1,"37¬∞43'10.0000""N 77¬∞32'30.0000""W",112,20,0,132,1.020730019,50.66719171,0,1
41,M-5,chatgpt-4o-latest,one_shot,one_shot_dms_v1,v1,"37¬∞45'32.00000""N 77¬∞36'15.00000""W",112,20,0,132,0.5357379913,43.63574415,0,1
41,M-6,gpt-3.5-turbo,one_shot,one_shot_dms_v1,v1,"37¬∞46'12.0""N 77¬∞40'48.0""W",114,18,0,132,0.4986748695,37.7782195,0,1
41,T-1,o4-mini-2025-04-16,tool_chain,tool_chain_v0,v5,"37.853643, -77.601159",10380,352,0,10732,14.9129982,38.23156659,0,1
41,T-4,gpt-4.1-2025-04-14,tool_chain,tool_chain_v0,v5,"37.799937, -77.640433",1591,35,0,1626,2.438854218,38.33536747,0,1
42,H-1,human-gis,static,static,1,"37.8846135, -77.5365495",0,0,0,0,0,23.71504127,0,1
42,M-1,o4-mini-2025-04-16,one_shot,one_shot_dms_v1,v1,"37¬∞49'17.12540""N 076¬∞53'04.87230""W",129,3417,3392,3546,25.27288604,81.13473813,0,1
42,M-2,o3-2025-04-16,one_shot,one_shot_dms_v1,v1,"37¬∞49'15.00000""N 077¬∞41'30.00000""W",129,1305,1280,1434,15.1419549,16.55957854,0,1
42,M-3,o3-mini-2025-01-31,one_shot,one_shot_dms_v1,v1,"37¬∞12'50.61600""N 077¬∞26'29.97600""W",129,4116,4096,4245,42.76612496,87.06420514,0,1
42,M-4,gpt-4.1-2025-04-14,one_shot,one_shot_dms_v1,v1,"37¬∞46'12.0000""N 77¬∞30'36.0000""W",130,20,0,150,2.580972672,31.75471833,0,1
42,M-5,chatgpt-4o-latest,one_shot,one_shot_dms_v1,v1,"37¬∞46'12.00000""N 77¬∞36'00.00000""W",130,20,0,150,0.4941728115,25.96656796,0,1
42,M-6,gpt-3.5-turbo,one_shot,one_shot_dms_v1,v1,"37¬∞45'35.5""N 77¬∞29'14.5""W",134,18,0,152,0.7793440819,34.01923741,0,1
42,T-1,o4-mini-2025-04-16,tool_chain,tool_chain_v0,v5,"37.647852, -77.102057",9118,533,0,9651,12.83224225,69.33702765,0,1
42,T-4,gpt-4.1-2025-04-14,tool_chain,tool_chain_v0,v5,"37.765681, -77.370657",1642,39,0,1681,1.84303689,42.31961028,0,1
43,H-1,human-gis,static,static,1,"37.5131191, -77.3465081",0,0,0,0,0,88.17394759,0,1
43,M-1,o4-mini-2025-04-16,one_shot,one_shot_dms_v1,v1,"37¬∞21'45.65000""N 077¬∞19'12.34000""W",141,2969,2944,3110,31.56798792,101.2450257,0,1
43,M-2,o3-2025-04-16,one_shot,one_shot_dms_v1,v1,"38¬∞02'45.0000""N 078¬∞41'30.0000""W",141,1305,1280,1446,14.00713086,49.82906502,0,1
43,M-3,o3-mini-2025-01-31,one_shot,one_shot_dms_v1,v1,"37¬∞32'45.00000""N 077¬∞27'30.00000""W",141,2388,2368,2529,26.33353114,78.31904301,0,1
43,M-4,gpt-4.1-2025-04-14,one_shot,one_shot_dms_v1,v1,"37¬∞42'10.0000""N 77¬∞53'05.0000""W",142,20,0,162,1.21364522,40.4869321,0,1
43,M-5,chatgpt-4o-latest,one_shot,one_shot_dms_v1,v1,"37¬∞42'15.0000""N 78¬∞01'30.0000""W",142,20,0,162,0.4802320004,35.52972777,0,1
43,M-6,gpt-3.5-turbo,one_shot,one_shot_dms_v1,v1,"37¬∞41'24.0""N 77¬∞45'00.0""W",143,18,0,161,0.4738647938,48.75374731,0,1
43,T-1,o4-mini-2025-04-16,tool_chain,tool_chain_v0,v5,"37.705178, -77.454421",9211,668,0,9879,16.39076877,68.08957622,0,1
43,T-4,gpt-4.1-2025-04-14,tool_chain,tool_chain_v0,v5,"37.505933, -77.332443",1655,39,0,1694,1.831716776,89.63993884,0,1
44,H-1,human-gis,static,static,1,"36.8953677, -76.7248143",0,0,0,0,0,58.41584584,0,1
44,M-1,o4-mini-2025-04-16,one_shot,one_shot_dms_v1,v1,"36¬∞52'18.48000""N 076¬∞42'02.12340""W",124,2649,2624,2773,18.68081188,58.88701353,0,1
44,M-2,o3-2025-04-16,one_shot,one_shot_dms_v1,v1,"36¬∞54'09.00000""N 076¬∞52'26.40000""W",124,4185,4160,4309,42.35440111,48.39300851,0,1
44,M-3,o3-mini-2025-01-31,one_shot,one_shot_dms_v1,v1,"37¬∞04'17.50000""N 076¬∞41'22.50000""W",124,2580,2560,2704,27.85291696,73.22175096,0,1
44,M-4,gpt-4.1-2025-04-14,one_shot,one_shot_dms_v1,v1,"36¬∞44'10.0000""N 76¬∞48'15.0000""W",125,20,0,145,0.9280409813,44.20756405,0,1
44,M-5,chatgpt-4o-latest,one_shot,one_shot_dms_v1,v1,"36¬∞43'12.0000""N 76¬∞48'36.0000""W",125,20,0,145,0.614071846,43.16591773,0,1
44,M-6,gpt-3.5-turbo,one_shot,one_shot_dms_v1,v1,"36¬∞54'00.0""N 76¬∞43'00.0""W",127,18,0,145,1.535750866,59.30408325,0,1
44,T-1,o4-mini-2025-04-16,tool_chain,tool_chain_v0,v5,"36.928892, -76.687470",1736,245,0,1981,3.767304897,63.24612104,0,1
44,T-4,gpt-4.1-2025-04-14,tool_chain,tool_chain_v0,v5,"36.928892, -76.687470",1622,38,0,1660,27.47738218,63.24612104,0,1
45,H-1,human-gis,static,static,1,"37.1232245, -78.4927721",0,0,0,0,0,143.1826301,0,1
45,M-1,o4-mini-2025-04-16,one_shot,one_shot_dms_v1,v1,"37¬∞39'19.80000""N 077¬∞02'43.08000""W",153,3609,3584,3762,27.95227385,77.56781599,0,1
45,M-2,o3-2025-04-16,one_shot,one_shot_dms_v1,v1,"37¬∞55'05.00000""N 077¬∞11'39.00000""W",153,4313,4288,4466,55.70321488,47.28429881,0,1
45,M-3,o3-mini-2025-01-31,one_shot,one_shot_dms_v1,v1,"38¬∞16'00.00000""N 077¬∞40'00.00000""W",153,3092,3072,3245,28.87360311,9.529511462,0,1
45,M-4,gpt-4.1-2025-04-14,one_shot,one_shot_dms_v1,v1,"38¬∞09'12.0000""N 77¬∞37'48.0000""W",154,20,0,174,0.919852972,5.769368456,0,1
45,M-5,chatgpt-4o-latest,one_shot,one_shot_dms_v1,v1,"38¬∞05'12.00000""N 77¬∞36'45.00000""W",154,20,0,174,0.6142158508,12.57299287,0,1
45,M-6,gpt-3.5-turbo,one_shot,one_shot_dms_v1,v1,"38¬∞ 5' 35.6""N 77¬∞ 35' 49.2""W",158,22,0,180,1.733328104,11.79256336,0,1
45,T-1,o4-mini-2025-04-16,tool_chain,tool_chain_v0,v5,"38.204165, -77.607787",8014,696,0,8710,13.93325281,0.9212749352,0,1
45,T-4,gpt-4.1-2025-04-14,tool_chain,tool_chain_v0,v5,"38.174072, -77.600687",3723,111,0,3834,4.060227871,2.803437887,0,1